{
  "timeZone": "America/Sao_Paulo",
  "dependencies": {},
  "exceptionLogging": "STACKDRIVER",
  "runtimeVersion": "V8",
  "dataStudio": {
    "name": "Piperun Data Report",
    "company": "Piperun",
    "companyUrl": "https://crmpiperun.com/",
    "logoUrl": "https://crmpiperun.com/wp-content/uploads/elementor/thumbs/piperun-sistema-crm-vendas-peexaothzadrb3u2cw2tvigpm7onv4070bbg4sl6gw.png",
    "description": "The Piperun data connector",
    "addonUrl": "https://crmpiperun.com/",
    "supportUrl": "https://crmpiperun.com/",
    "authType": ["NONE"],
    "feeType": ["FREE"]
  }
}
